{"trainBatch":20000,"trainLoss":[0,6.9798197746276855,6.792418003082275,6.460205554962158,6.315855503082275,5.990264892578125,5.651995658874512,5.964382648468018,6.400643825531006,5.902084827423096,5.571104526519775,6.20604133605957,6.07098913192749,5.634459018707275,5.8295183181762695,5.680788993835449,5.711223602294922,5.639527320861816,5.875288486480713,6.048861980438232,5.909482955932617,6.304457664489746,5.979137897491455,5.857691287994385,5.986924171447754,5.4177446365356445,5.696084022521973,5.985197067260742,5.812832355499268,5.89919376373291,5.724411487579346,5.463381767272949,5.873485088348389,6.027882099151611,5.438653945922852,5.544148921966553,6.001694679260254,5.685541152954102,5.546895503997803,5.590556621551514,5.899816036224365,5.945958614349365,5.663903713226318,5.604067802429199,6.0842156410217285,5.354846477508545,5.71325159072876,5.772367477416992,5.543553829193115,5.258237361907959,5.92169713973999,5.510737419128418,5.5235395431518555,5.6228928565979,5.938414096832275,5.509195327758789,5.4827423095703125,5.167758464813232,5.839840412139893,5.5830078125,5.201863765716553,5.537134170532227,5.754542827606201,5.848747253417969,5.404088497161865,5.662127494812012,5.705933570861816,5.5116496086120605,5.357388973236084,5.554619789123535,5.201685905456543,5.169288635253906,4.867455005645752,4.969736099243164,5.5999040603637695,5.05965518951416,5.061502456665039,5.419717788696289,5.341442584991455,5.195530891418457,5.215322017669678,5.404223918914795,5.09138298034668,4.852875709533691,4.886228561401367,6.134284019470215,5.327169895172119,5.466814994812012,5.456730365753174,4.336156845092773,5.188771724700928,5.6919074058532715,5.194545269012451,5.312269687652588,5.033144950866699,5.788677215576172,4.584378719329834,5.900350093841553,5.146608352661133,5.201946258544922,5.520350456237793,5.445866107940674,5.031533718109131,4.920213222503662,4.992873191833496,5.162703037261963,4.639326095581055,4.464049816131592,4.833364486694336,4.860968589782715,5.292531490325928,4.846078872680664,4.976685047149658,5.113887786865234,5.403325080871582,4.9051289558410645,4.934444904327393,4.7361555099487305,4.746708393096924,4.507815837860107,5.14847993850708,5.308260917663574,4.5050554275512695,4.4485650062561035,5.0514421463012695,4.683077812194824,4.5295562744140625,4.821739673614502,5.489831924438477,4.5608367919921875,4.767470359802246,4.595357894897461,4.566542148590088,4.975844383239746,4.964720726013184,4.4133405685424805,5.00999641418457,4.320044994354248,5.080008506774902,4.802024841308594,5.4156107902526855,4.876511096954346,4.929983139038086,4.678048133850098,4.676775932312012,4.940321922302246,4.425347805023193,5.629772663116455,4.655327796936035,4.88649320602417,5.012500286102295,4.812097072601318,4.488103866577148,5.042107582092285,4.609070301055908,5.103306293487549,4.711381912231445,4.372852802276611,4.908371925354004,4.98897123336792,4.797662734985352,4.590417385101318,4.70596981048584,4.517386436462402,4.804808616638184,4.508134365081787,4.724375247955322,4.87947416305542,4.61391544342041,4.611952781677246,4.746386528015137,4.846016883850098,4.889015197753906,4.168333530426025,4.947623252868652,3.8443682193756104,4.1434855461120605,4.3753204345703125,4.801092147827148,4.582686424255371,4.951273441314697,4.418822765350342,4.773698806762695,4.9785637855529785,4.321993350982666,4.194310188293457,5.114541530609131,4.327661514282227,3.9247264862060547,4.097015380859375,4.961118221282959,4.571715354919434,4.9675092697143555,4.217337608337402,4.59457540512085,4.78730583190918,5.181144714355469,4.266739845275879,4.493690490722656,4.76082181930542,5.155007839202881],"trainAcc":[0,0,1.9999999552965164,5.999999865889549,1.9999999552965164,3.999999910593033,3.999999910593033,0,1.9999999552965164,5.999999865889549,1.9999999552965164,0,1.9999999552965164,3.999999910593033,5.999999865889549,0,5.999999865889549,5.999999865889549,3.999999910593033,0,3.999999910593033,0,3.999999910593033,1.9999999552965164,0,7.999999821186066,5.999999865889549,3.999999910593033,9.999998658895493,1.9999999552965164,1.9999999552965164,0,3.999999910593033,0,7.999999821186066,3.999999910593033,1.9999999552965164,1.9999999552965164,3.999999910593033,7.999999821186066,1.9999999552965164,0,3.999999910593033,1.9999999552965164,3.999999910593033,1.9999999552965164,0,5.999999865889549,5.999999865889549,11.999999731779099,3.999999910593033,1.9999999552965164,5.999999865889549,3.999999910593033,3.999999910593033,7.999999821186066,5.999999865889549,7.999999821186066,3.999999910593033,1.9999999552965164,1.9999999552965164,1.9999999552965164,5.999999865889549,3.999999910593033,5.999999865889549,9.999998658895493,3.999999910593033,9.999998658895493,7.999999821186066,7.999999821186066,11.999998986721039,7.999999821186066,14.000000059604645,7.999999821186066,7.999999821186066,7.999999821186066,1.9999999552965164,9.999998658895493,14.000000059604645,5.999999865889549,14.000000059604645,3.999999910593033,13.999997079372406,14.000000059604645,11.999999731779099,3.999999910593033,7.999999821186066,5.999999865889549,7.999999821186066,11.999998986721039,7.999999821186066,9.999998658895493,1.9999999552965164,9.999998658895493,9.999998658895493,5.999999865889549,15.999999642372131,3.999999910593033,9.999998658895493,11.999999731779099,9.999998658895493,7.999999821186066,5.999999865889549,11.999999731779099,9.999998658895493,3.999999910593033,14.000000059604645,11.999999731779099,13.999997079372406,15.999999642372131,7.999999821186066,11.999998986721039,9.999998658895493,15.999999642372131,3.999999910593033,14.000000059604645,7.999999821186066,13.999997079372406,7.999999821186066,14.000000059604645,3.999999910593033,9.999998658895493,11.999998986721039,11.999999731779099,17.999999225139618,15.999999642372131,15.999999642372131,9.999998658895493,7.999999821186066,17.999999225139618,15.999999642372131,9.999998658895493,19.999997317790985,15.999999642372131,15.999999642372131,15.999999642372131,9.999998658895493,9.999998658895493,11.999999731779099,11.999999731779099,14.000000059604645,14.000000059604645,19.999997317790985,15.999998152256012,9.999998658895493,17.999999225139618,11.999998986721039,5.999999865889549,11.999999731779099,9.999998658895493,15.999999642372131,15.999999642372131,15.999999642372131,7.999999821186066,15.999999642372131,9.999998658895493,9.999998658895493,19.999998807907104,14.000000059604645,11.999999731779099,13.999997079372406,15.999999642372131,19.999997317790985,19.999998807907104,11.999998986721039,11.999999731779099,11.999999731779099,9.999998658895493,9.999998658895493,15.999999642372131,14.000000059604645,9.999998658895493,19.999997317790985,21.99999690055847,7.999999821186066,31.999999284744263,19.999997317790985,11.999998986721039,9.999998658895493,14.000000059604645,5.999999865889549,19.999997317790985,5.999999865889549,15.999999642372131,14.000000059604645,11.999998986721039,11.999998986721039,19.999997317790985,17.999999225139618,21.99999988079071,15.999999642372131,19.999997317790985,15.999999642372131,11.999999731779099,13.999997079372406,11.999998986721039,7.999999821186066,19.999997317790985,15.999998152256012,15.999999642372131,14.000000059604645],"testLoss":[0,0,0,0,0,0,0,0,0,0,0,0,0,0,0,0,0,0,0,0,0,0,0,0,0,0,0,0,0,0,0,0,0,0,0,0,0,0,0,0,0,0,0,0,0,0,0,0,0,0,0,0,0,0,0,0,0,0,0,0,0,0,0,0,0,0,0,0,0,0,0,0,0,0,0,0,0,0,0,0,0,0,0,0,0,0,0,0,0,0,0,0,0,0,0,0,0,0,0,0,0,0,0,0,0,0,0,0,0,0,0,0,0,0,0,0,0,0,0,0,0,0,0,0,0,0,0,0,0,0,0,0,0,0,0,0,0,0,0,0,0,0,0,0,0,0,0,0,0,0,0,0,0,0,0,0,0,0,0,0,0,0,0,0,0,0,0,0,0,0,0,0,0,0,0,0,0,0,0,0,0,0,0,0,0,0,0,0,0,0,0,0,0,0,0,0,0,0,0,0,0],